cID_DI,sense,BP,RI,DVG_type,read_counts_virema,read_counts_ditector,pBP_virema,pRI_virema,pBP_ditector,pRI_ditector,rpht_virema,rpht_ditector,length_dvg
++_10032_10034,++,10032,10034,Deletion_forward,1,0,0.0045871559633027525,0.0045662100456621,0.0,0.0045662100456621,0.3338073397557865,0.0,29902
++_10326_10328,++,10326,10328,Deletion_forward,11,0,0.006646525679758308,0.0068879148403256105,0.0,0.0068322981366459624,3.671880737313652,0.0,29902
++_1034_1034,++,1034,1034,Insertion_forward,11,0,0.007037747920665387,0.007037747920665387,0.0,0.007087628865979381,3.671880737313652,0.0,29904
++_10405_10407,++,10405,10407,Deletion_forward,1,0,0.0006983240223463687,0.0006997900629811056,0.0,0.0006993006993006993,0.3338073397557865,0.0,29902
++_10609_10609,++,10609,10609,Insertion_forward,5,0,0.01858736059479554,0.01858736059479554,0.0,0.018867924528301886,1.6690366987789327,0.0,29904
++_10694_10696,++,10694,10696,Deletion_forward,1,0,0.0008090614886731392,0.0008077544426494346,0.0,0.0008123476848090983,0.3338073397557865,0.0,29902
++_10710_10712,++,10710,10712,Deletion_forward,1,0,0.0007401924500370096,0.0007468259895444362,0.0,0.0007462686567164179,0.3338073397557865,0.0,29902
++_1080_1080,++,1080,1080,Insertion_forward,10,0,0.0060569351907934586,0.0060569351907934586,0.0,0.006082725060827251,3.3380733975578654,0.0,29904
++_10913_10915,++,10913,10915,Deletion_forward,1,0,0.0006622516556291391,0.0006720430107526882,0.0,0.0006702412868632708,0.3338073397557865,0.0,29902
++_11081_11083,++,11081,11083,Deletion_forward,19,0,0.014350453172205438,0.01430722891566265,0.0,0.014200298953662182,6.342339455359944,0.0,29902
++_11082_11082,++,11082,11082,Insertion_forward,1,0,0.0007704160246533128,0.0007704160246533128,0.0,0.0007541478129713424,0.3338073397557865,0.0,29904
++_11107_11107,++,11107,11107,Insertion_forward,11,0,0.007713884992987377,0.007713884992987377,0.0,0.0077738515901060075,3.671880737313652,0.0,29904
++_11183_11185,++,11183,11185,Deletion_forward,10,0,0.00649772579597141,0.006510416666666667,0.0,0.006501950585175552,3.3380733975578654,0.0,29902
++_11304_11306,++,11304,11306,Deletion_forward,1,0,0.0006653359946773121,0.0006544502617801048,0.0,0.0006493506493506494,0.3338073397557865,0.0,29902
++_11336_11338,++,11336,11338,Deletion_forward,1,0,0.00045495905368516835,0.00044306601683650863,0.0,0.0004432624113475177,0.3338073397557865,0.0,29902
++_1133_1135,++,1133,1135,Deletion_forward,1,0,0.0005955926146515784,0.0005998800239952009,0.0,0.0005984440454817474,0.3338073397557865,0.0,29902
++_11444_11446,++,11444,11446,Deletion_forward,6,0,0.003592814371257485,0.0035971223021582736,0.0,0.0035842293906810036,2.0028440385347195,0.0,29902
++_11459_11459,++,11459,11459,Insertion_forward,1,0,0.0006172839506172839,0.0006172839506172839,0.0,0.0006165228113440197,0.3338073397557865,0.0,29904
++_1157_1159,++,1157,1159,Deletion_forward,1,0,0.0005747126436781609,0.0005896226415094339,0.0,0.0005899705014749262,0.3338073397557865,0.0,29902
++_11621_11623,++,11621,11623,Deletion_forward,1,0,0.0003763643206624012,0.0003770739064856712,0.0,0.0003762227238525207,0.3338073397557865,0.0,29902
++_11633_11635,++,11633,11635,Deletion_forward,1,0,0.00037037037037037035,0.00037023324694557573,0.0,0.0003695491500369549,0.3338073397557865,0.0,29902
++_11805_11807,++,11805,11807,Deletion_forward,1,0,0.0006561679790026247,0.0006587615283267457,0.0,0.0006574621959237344,0.3338073397557865,0.0,29902
++_11807_11809,++,11807,11809,Deletion_forward,1,0,0.0006587615283267457,0.0006591957811470006,0.0,0.000657030223390276,0.3338073397557865,0.0,29902
++_11891_11893,++,11891,11893,Deletion_forward,1,0,0.00044822949350067237,0.0004450378282153983,0.0,0.0004462293618920125,0.3338073397557865,0.0,29902
++_11995_11997,++,11995,11997,Deletion_forward,1,0,0.0004488330341113106,0.00044822949350067237,0.0,0.0004476275738585497,0.3338073397557865,0.0,29902
++_1200_1202,++,1200,1202,Deletion_forward,1,0,0.0006161429451632779,0.0006199628022318661,0.0,0.0006203473945409429,0.3338073397557865,0.0,29902
++_12509_12511,++,12509,12511,Deletion_forward,1,0,0.0005934718100890207,0.0005934718100890207,0.0,0.0005927682276229994,0.3338073397557865,0.0,29902
++_12948_12950,++,12948,12950,Deletion_forward,1,0,0.0006609385327164573,0.0006609385327164573,0.0,0.0006605019815059445,0.3338073397557865,0.0,29902
++_13127_13129,++,13127,13129,Deletion_forward,2,0,0.0014398848092152627,0.0014398848092152627,0.0,0.0014357501794687725,0.667614679511573,0.0,29902
++_13189_13191,++,13189,13191,Deletion_forward,1,0,0.0006872852233676976,0.0006578947368421052,0.0,0.0006574621959237344,0.3338073397557865,0.0,29902
++_13670_13670,++,13670,13670,Insertion_forward,6,0,0.004026845637583893,0.004026845637583893,0.0,0.004056795131845842,2.0028440385347195,0.0,29904
++_1384_1386,++,1384,1386,Deletion_forward,1,0,0.0016611295681063123,0.0016556291390728477,0.0,0.0016501650165016502,0.3338073397557865,0.0,29902
++_13852_13854,++,13852,13854,Deletion_forward,1,0,0.0005543237250554324,0.0005515719801434088,0.0,0.0005485463521667581,0.3338073397557865,0.0,29902
++_13853_13853,++,13853,13853,Insertion_forward,24,0,0.01327433628318584,0.01327433628318584,0.0,0.013437849944008958,8.011376154138878,0.0,29904
++_14032_14034,++,14032,14034,Deletion_forward,16,0,0.007816316560820713,0.007640878701050621,0.0,0.007619047619047619,5.340917436092584,0.0,29902
++_14059_14061,++,14059,14061,Deletion_forward,1,0,0.0004522840343735866,0.0004496402877697842,0.0,0.000449842555105713,0.3338073397557865,0.0,29902
++_14146_14146,++,14146,14146,Insertion_forward,1,0,0.00047192071731949034,0.00047192071731949034,0.0,0.0004714757190004715,0.3338073397557865,0.0,29904
++_14256_14256,++,14256,14256,Insertion_forward,2,0,0.0008756567425569177,0.0008756567425569177,0.0,0.000878348704435661,0.667614679511573,0.0,29904
++_14629_14629,++,14629,14629,Insertion_forward,4,0,0.007984031936127744,0.007984031936127744,0.0,0.008016032064128256,1.335229359023146,0.0,29904
++_14754_14754,++,14754,14754,Insertion_forward,4,0,0.007766990291262136,0.007766990291262136,0.0,0.00784313725490196,1.335229359023146,0.0,29904
++_14776_14778,++,14776,14778,Deletion_forward,1,0,0.00186219739292365,0.001834862385321101,0.0,0.0018181818181818182,0.3338073397557865,0.0,29902
++_15036_15036,++,15036,15036,Insertion_forward,1,0,0.0013966480446927375,0.0013966480446927375,0.0,0.0013966480446927375,0.3338073397557865,0.0,29904
++_15080_15082,++,15080,15082,Deletion_forward,1,0,0.0014619883040935672,0.0014705882352941176,0.0,0.0014727540500736377,0.3338073397557865,0.0,29902
++_15521_15523,++,15521,15523,Deletion_forward,4,0,0.0015625,0.0015606710885680843,0.0,0.00156128024980484,1.335229359023146,0.0,29902
++_15685_15687,++,15685,15687,Deletion_forward,15,0,0.006190672719768881,0.0061450225317492835,0.0,0.006132461161079314,5.007110096336799,0.0,29902
++_15818_15820,++,15818,15820,Deletion_forward,1,0,0.00047393364928909954,0.00047460844803037496,0.0,0.0004743833017077799,0.3338073397557865,0.0,29902
++_15939_15939,++,15939,15939,Insertion_forward,1,0,0.0006618133686300463,0.0006618133686300463,0.0,0.0006626905235255136,0.3338073397557865,0.0,29904
++_16083_16083,++,16083,16083,Insertion_forward,2,0,0.0013351134846461949,0.0013351134846461949,0.0,0.0013351134846461949,0.667614679511573,0.0,29904
++_16088_16088,++,16088,16088,Insertion_forward,5,0,0.0032851511169513796,0.0032851511169513796,0.0,0.003289473684210526,1.6690366987789327,0.0,29904
++_16309_16338,++,16309,16338,Deletion_forward,2,0,0.004395604395604396,0.004329004329004329,0.0,0.004347826086956522,0.667614679511573,0.0,29875
++_16320_16320,++,16320,16320,Insertion_forward,4,0,0.009324009324009324,0.009324009324009324,0.0,0.009411764705882352,1.335229359023146,0.0,29904
++_1638_1640,++,1638,1640,Deletion_forward,3,0,0.0011773940345368916,0.001128668171557562,0.0,0.0011231748408835642,1.0014220192673597,0.0,29902
++_1654_1656,++,1654,1656,Deletion_forward,1,0,0.00034782608695652176,0.0003475842891901286,0.0,0.0003465003465003465,0.3338073397557865,0.0,29902
++_16645_16645,++,16645,16645,Insertion_forward,1,0,0.0047169811320754715,0.0047169811320754715,0.0,0.004739336492890996,0.3338073397557865,0.0,29904
++_1674_1676,++,1674,1676,Deletion_forward,1,0,0.00033200531208499334,0.0003301419610432486,0.0,0.00032948929159802305,0.3338073397557865,0.0,29902
++_17039_17039,++,17039,17039,Insertion_forward,1,0,0.0007342143906020558,0.0007342143906020558,0.0,0.0007336757153338225,0.3338073397557865,0.0,29904
++_1706_1706,++,1706,1706,Insertion_forward,8,0,0.0026033192320208264,0.0026033192320208264,0.0,0.0026041666666666665,2.670458718046292,0.0,29904
++_17204_17206,++,17204,17206,Deletion_forward,1,0,0.000513347022587269,0.0005096839959225281,0.0,0.0005099439061703213,0.3338073397557865,0.0,29902
++_17223_17222,++,17223,17222,Insertion_forward,17,0,0.00819277108433735,0.008268482490272374,0.0,0.008382642998027613,5.674724775848372,0.0,29905
++_1725_1727,++,1725,1727,Deletion_forward,9,0,0.0029354207436399216,0.002849002849002849,0.0,0.002835538752362949,3.004266057802079,0.0,29902
++_1726_1726,++,1726,1726,Insertion_forward,23,0,0.007352941176470588,0.007352941176470588,0.0,0.007364713416586615,7.677568814383091,0.0,29904
++_17277_17277,++,17277,17277,Insertion_forward,10,0,0.005128205128205128,0.005128205128205128,0.0,0.005154639175257732,3.3380733975578654,0.0,29904
++_1732_1734,++,1732,1734,Deletion_forward,7,0,0.0022727272727272726,0.0021984924623115578,0.0,0.0021868166198063107,2.336651378290506,0.0,29902
++_17354_17356,++,17354,17356,Deletion_forward,1,0,0.0005473453749315818,0.0005488474204171241,0.0,0.000547645125958379,0.3338073397557865,0.0,29902
++_17551_17553,++,17551,17553,Deletion_forward,1,0,0.0006146281499692685,0.0006090133982947625,0.0,0.0006093845216331506,0.3338073397557865,0.0,29902
++_17611_17613,++,17611,17613,Deletion_forward,1,0,0.0006176652254478073,0.0006172839506172839,0.0,0.0006165228113440197,0.3338073397557865,0.0,29902
++_17631_17633,++,17631,17633,Deletion_forward,1,0,0.0005827505827505828,0.0005847953216374269,0.0,0.0005827505827505828,0.3338073397557865,0.0,29902
++_17637_17637,++,17637,17637,Insertion_forward,13,0,0.00763807285546416,0.00763807285546416,0.0,0.00768775872264932,4.339495416825225,0.0,29904
++_1787_1789,++,1787,1789,Deletion_forward,1,0,0.00033178500331785003,0.0003255208333333333,0.0,0.0003244646333549643,0.3338073397557865,0.0,29902
++_1819_1819,++,1819,1819,Insertion_forward,25,0,0.00802825947334618,0.00802825947334618,0.0,0.008077544426494346,8.345183493894663,0.0,29904
++_18439_18439,++,18439,18439,Insertion_forward,1,0,0.0007380073800738007,0.0007380073800738007,0.0,0.0007385524372230429,0.3338073397557865,0.0,29904
++_18455_18457,++,18455,18457,Deletion_forward,1,0,0.0006906077348066298,0.000683526999316473,0.0,0.000683526999316473,0.3338073397557865,0.0,29902
++_18547_18549,++,18547,18549,Deletion_forward,1,0,0.0007547169811320754,0.0007507507507507507,0.0,0.0007507507507507507,0.3338073397557865,0.0,29902
++_1864_1866,++,1864,1866,Deletion_forward,5,0,0.001621271076523995,0.0016512549537648614,0.0,0.0016414970453053185,1.6690366987789327,0.0,29902
++_18680_18682,++,18680,18682,Deletion_forward,20,0,0.010293360782295419,0.010193679918450561,0.0,0.01010611419909045,6.676146795115731,0.0,29902
++_18691_18691,++,18691,18691,Insertion_forward,11,0,0.005268199233716475,0.005268199233716475,0.0,0.00527831094049904,3.671880737313652,0.0,29904
++_18709_18712,++,18709,18712,Deletion_forward,1,0,0.0004280821917808219,0.0004257130693912303,0.0,0.000425531914893617,0.3338073397557865,0.0,29901
++_18741_18743,++,18741,18743,Deletion_forward,1,0,0.0004374453193350831,0.0004422821760283061,0.0,0.0004420866489832007,0.3338073397557865,0.0,29902
++_18781_18783,++,18781,18783,Deletion_forward,1,0,0.00042517006802721087,0.000423728813559322,0.0,0.0004233700254022015,0.3338073397557865,0.0,29902
++_18819_18823,++,18819,18823,Deletion_forward,4,0,0.0016181229773462784,0.0016460905349794238,0.0,0.0016427104722792608,1.335229359023146,0.0,29900
++_19047_19047,++,19047,19047,Insertion_forward,17,0,0.008638211382113821,0.008638211382113821,0.0,0.008722421754746024,5.674724775848372,0.0,29904
++_1907_1909,++,1907,1909,Deletion_forward,1,0,0.0003924646781789639,0.0003929273084479371,0.0,0.00039261876717707107,0.3338073397557865,0.0,29902
++_19161_19163,++,19161,19163,Deletion_forward,1,0,0.0005470459518599562,0.0005452562704471102,0.0,0.0005443658138268917,0.3338073397557865,0.0,29902
++_19478_19481,++,19478,19481,Deletion_forward,1,0,0.004329004329004329,0.004424778761061947,0.0,0.004366812227074236,0.3338073397557865,0.0,29901
++_19831_19831,++,19831,19831,Insertion_forward,1,0,0.000774593338497289,0.000774593338497289,0.0,0.0007727975270479134,0.3338073397557865,0.0,29904
++_19989_19989,++,19989,19989,Insertion_forward,20,0,0.02190580503833516,0.02190580503833516,0.0,0.02237136465324385,6.676146795115731,0.0,29904
++_20022_20022,++,20022,20022,Insertion_forward,3,0,0.0033407572383073497,0.0033407572383073497,0.0,0.0033482142857142855,1.0014220192673597,0.0,29904
++_20275_20339,++,20275,20339,Deletion_forward,1,4,0.004739336492890996,0.0048543689320388345,0.018957345971563982,0.004878048780487805,0.3338073397557865,1.3746035127992768,29840
++_20513_20515,++,20513,20515,Deletion_forward,1,0,0.0006476683937823834,0.0006341154090044388,0.0,0.0006325110689437065,0.3338073397557865,0.0,29902
++_20790_20793,++,20790,20793,Deletion_forward,1,0,0.0006293266205160479,0.0006269592476489029,0.0,0.000625,0.3338073397557865,0.0,29901
++_21275_21275,++,21275,21275,Insertion_forward,2,0,0.01092896174863388,0.01092896174863388,0.0,0.011049723756906077,0.667614679511573,0.0,29904
++_21300_21300,++,21300,21300,Insertion_forward,2,0,0.01098901098901099,0.01098901098901099,0.0,0.011111111111111112,0.667614679511573,0.0,29904
++_21338_21338,++,21338,21338,Insertion_forward,1,0,0.005988023952095809,0.005988023952095809,0.0,0.006024096385542169,0.3338073397557865,0.0,29904
++_21857_21859,++,21857,21859,Deletion_forward,1,0,0.0007283321194464676,0.0006968641114982578,0.0,0.0006954102920723226,0.3338073397557865,0.0,29902
++_21991_21993,++,21991,21993,Deletion_forward,7,0,0.0072992700729927005,0.007438894792773645,0.0,0.007423117709437964,2.336651378290506,0.0,29902
++_21992_21995,++,21992,21995,Deletion_forward,6,0,0.006362672322375398,0.006322444678609062,0.0,0.006276150627615063,2.0028440385347195,0.0,29901
++_22004_22006,++,22004,22006,Deletion_forward,1,0,0.0012804097311139564,0.0012690355329949238,0.0,0.001282051282051282,0.3338073397557865,0.0,29902
++_22125_22125,++,22125,22125,Insertion_forward,3,0,0.00821917808219178,0.00821917808219178,0.0,0.008264462809917356,1.0014220192673597,0.0,29904
++_22223_22223,++,22223,22223,Insertion_forward,4,0,0.012232415902140673,0.012232415902140673,0.0,0.012307692307692308,1.335229359023146,0.0,29904
++_22588_22588,++,22588,22588,Insertion_forward,12,0,0.013856812933025405,0.013856812933025405,0.0,0.014018691588785047,4.005688077069439,0.0,29904
++_22613_22615,++,22613,22615,Deletion_forward,1,0,0.000975609756097561,0.0009746588693957114,0.0,0.0009718172983479105,0.3338073397557865,0.0,29902
++_22655_22603,++,22655,22603,Insertion_forward,1,1,0.0010080645161290322,0.0011248593925759281,0.0010070493454179255,0.0011261261261261261,0.3338073397557865,0.3436508781998192,29956
++_22671_22671,++,22671,22671,Insertion_forward,9,0,0.008014247551202136,0.008014247551202136,0.0,0.008064516129032258,3.004266057802079,0.0,29904
++_23172_23174,++,23172,23174,Deletion_forward,1,0,0.0006738544474393531,0.0006702412868632708,0.0,0.0006706908115358819,0.3338073397557865,0.0,29902
++_23316_23318,++,23316,23318,Deletion_forward,1,0,0.0004623208506703652,0.00046146746654360867,0.0,0.00046189376443418013,0.3338073397557865,0.0,29902
++_23323_23325,++,23323,23325,Deletion_forward,1,0,0.0004248088360237893,0.0004224757076468103,0.0,0.00042265426880811494,0.3338073397557865,0.0,29902
++_23408_23410,++,23408,23410,Deletion_forward,1,0,0.00044464206313917296,0.00043535045711797995,0.0,0.000434593654932638,0.3338073397557865,0.0,29902
++_23738_23738,++,23738,23738,Insertion_forward,11,0,0.008166295471417966,0.008166295471417966,0.0,0.008239700374531835,3.671880737313652,0.0,29904
++_23968_23970,++,23968,23970,Deletion_forward,1,0,0.0007390983000739098,0.0007363770250368188,0.0,0.0007363770250368188,0.3338073397557865,0.0,29902
++_24013_24026,++,24013,24026,Deletion_forward,11,0,0.0075445816186556925,0.007488087134104833,0.0,0.007482993197278911,3.671880737313652,0.0,29891
++_24046_24048,++,24046,24048,Deletion_forward,1,0,0.0006844626967830253,0.0006825938566552901,0.0,0.0006821282401091405,0.3338073397557865,0.0,29902
++_24127_24138,++,24127,24138,Deletion_forward,8,1,0.004415011037527594,0.004273504273504274,0.0005485463521667581,0.004287245444801715,2.670458718046292,0.3436508781998192,29893
++_24324_24326,++,24324,24326,Deletion_forward,1,0,0.0008532423208191126,0.000851063829787234,0.0,0.0008517887563884157,0.3338073397557865,0.0,29902
++_2447_2449,++,2447,2449,Deletion_forward,1,0,0.0008368200836820083,0.0008368200836820083,0.0,0.0008361204013377926,0.3338073397557865,0.0,29902
++_24506_24506,++,24506,24506,Insertion_forward,2,0,0.0017667844522968198,0.0017667844522968198,0.0,0.0017683465959328027,0.667614679511573,0.0,29904
++_24779_24781,++,24779,24781,Deletion_forward,10,0,0.005763688760806916,0.005770340450086555,0.0,0.005747126436781609,3.3380733975578654,0.0,29902
++_25313_25315,++,25313,25315,Deletion_forward,1,0,0.0004175365344467641,0.00042283298097251583,0.0,0.00042607584149978694,0.3338073397557865,0.0,29902
++_25420_25420,++,25420,25420,Insertion_forward,10,0,0.0038240917782026767,0.0038240917782026767,0.0,0.0038314176245210726,3.3380733975578654,0.0,29904
++_25431_25436,++,25431,25436,Deletion_forward,11,0,0.004275165176836378,0.0042985541227041815,0.0,0.004300234558248631,3.671880737313652,0.0,29899
++_25592_25592,++,25592,25592,Insertion_forward,4,0,0.0016941973739940702,0.0016941973739940702,0.0,0.0016927634363097758,1.335229359023146,0.0,29904
++_2590_23882,++,2590,23882,Deletion_forward,1,1,0.0029850746268656717,0.0007552870090634441,0.002976190476190476,0.0007541478129713424,0.3338073397557865,0.3436508781998192,8612
++_25968_25968,++,25968,25968,Insertion_forward,7,0,0.011784511784511785,0.011784511784511785,0.0,0.011945392491467578,2.336651378290506,0.0,29904
++_26260_26260,++,26260,26260,Insertion_forward,2,0,0.0015015015015015015,0.0015015015015015015,0.0,0.0015048908954100827,0.667614679511573,0.0,29904
++_26386_26388,++,26386,26388,Deletion_forward,1,0,0.0009794319294809011,0.0009560229445506692,0.0,0.0009541984732824427,0.3338073397557865,0.0,29902
++_26630_26630,++,26630,26630,Insertion_forward,11,0,0.0061902082160945416,0.0061902082160945416,0.0,0.006211180124223602,3.671880737313652,0.0,29904
++_26669_26669,++,26669,26669,Insertion_forward,1,0,0.0005509641873278236,0.0005509641873278236,0.0,0.0005506607929515419,0.3338073397557865,0.0,29904
++_26706_26708,++,26706,26708,Deletion_forward,1,0,0.0005422993492407809,0.000536480686695279,0.0,0.0005336179295624333,0.3338073397557865,0.0,29902
++_26723_26725,++,26723,26725,Deletion_forward,1,0,0.0005753739930955121,0.0005592841163310962,0.0,0.0005467468562055768,0.3338073397557865,0.0,29902
++_26757_26759,++,26757,26759,Deletion_forward,1,0,0.0005285412262156448,0.0005271481286241434,0.0,0.000526592943654555,0.3338073397557865,0.0,29902
++_27269_27271,++,27269,27271,Deletion_forward,11,0,0.003913198150124511,0.0039020929407591345,0.0,0.003895184135977337,3.671880737313652,0.0,29902
++_27275_27277,++,27275,27277,Deletion_forward,1,0,0.00038402457757296467,0.0003827018752391887,0.0,0.00038211692777990065,0.3338073397557865,0.0,29902
++_27287_27289,++,27287,27289,Deletion_forward,1,0,0.00037257824143070045,0.0003627130939426913,0.0,0.0003624501631025734,0.3338073397557865,0.0,29902
++_27423_27425,++,27423,27425,Deletion_forward,1,0,0.0003368137420006736,0.0003360215053763441,0.0,0.0003354579000335458,0.3338073397557865,0.0,29902
++_27485_27485,++,27485,27485,Insertion_forward,6,0,0.003409090909090909,0.003409090909090909,0.0,0.003424657534246575,2.0028440385347195,0.0,29904
++_27957_27959,++,27957,27959,Deletion_forward,1,0,0.00048496605237633366,0.0004847309743092584,0.0,0.0004833252779120348,0.3338073397557865,0.0,29902
++_28062_28064,++,28062,28064,Deletion_forward,22,0,0.012008733624454149,0.011891891891891892,0.0,0.011777301927194861,7.343761474627304,0.0,29902
++_28219_28219,++,28219,28219,Insertion_forward,26,0,0.00967982129560685,0.00967982129560685,0.0,0.00977076287110109,8.67899083365045,0.0,29904
++_28273_28275,++,28273,28275,Deletion_forward,1,0,0.0002994011976047904,0.0002983293556085919,0.0,0.000297000297000297,0.3338073397557865,0.0,29902
++_28296_28296,++,28296,28296,Insertion_forward,1,0,0.00029129041654529564,0.00029129041654529564,0.0,0.0002904443799012489,0.3338073397557865,0.0,29904
++_28472_28474,++,28472,28474,Deletion_forward,1,0,0.0003816793893129771,0.00036832412523020257,0.0,0.00036643459142543056,0.3338073397557865,0.0,29902
++_28523_28523,++,28523,28523,Insertion_forward,7,0,0.0024271844660194173,0.0024271844660194173,0.0,0.0024246622791825423,2.336651378290506,0.0,29904
++_28551_28569,++,28551,28569,Deletion_forward,7,2,0.0023874488403819918,0.002325581395348837,0.0006839945280437756,0.0023232658479920344,2.336651378290506,0.6873017563996384,29886
++_28556_28558,++,28556,28558,Deletion_forward,9,0,0.003,0.0030170968823332216,0.0,0.003014065639651708,3.004266057802079,0.0,29902
++_28579_28579,++,28579,28579,Insertion_forward,14,0,0.004663557628247834,0.004663557628247834,0.0,0.004688546550569324,4.673302756581012,0.0,29904
++_28899_28905,++,28899,28905,Deletion_forward,1,0,0.006578947368421052,0.006535947712418301,0.0,0.006493506493506494,0.3338073397557865,0.0,29898
++_29049_29051,++,29049,29051,Deletion_forward,1,0,0.000564652738565782,0.0005599104143337066,0.0,0.0005589714924538849,0.3338073397557865,0.0,29902
++_29134_29136,++,29134,29136,Deletion_forward,1,0,0.0004484304932735426,0.0004438526409232135,0.0,0.0004432624113475177,0.3338073397557865,0.0,29902
++_29328_29344,++,29328,29344,Deletion_forward,1,0,0.0004870920603994155,0.000514668039114771,0.0,0.000517063081695967,0.3338073397557865,0.0,29888
++_29381_29383,++,29381,29383,Deletion_forward,1,0,0.0019047619047619048,0.0019569471624266144,0.0,0.001953125,0.3338073397557865,0.0,29902
++_29567_29570,++,29567,29570,Deletion_forward,1,0,0.0010080645161290322,0.0010277492291880781,0.0,0.0010256410256410256,0.3338073397557865,0.0,29901
++_29570_29572,++,29570,29572,Deletion_forward,1,0,0.0010277492291880781,0.0010245901639344263,0.0,0.0010214504596527069,0.3338073397557865,0.0,29902
++_29771_29771,++,29771,29771,Insertion_forward,4,0,0.011142061281337047,0.011142061281337047,0.0,0.011235955056179775,1.335229359023146,0.0,29904
++_327_327,++,327,327,Insertion_forward,5,0,0.004734848484848485,0.004734848484848485,0.0,0.004757373929590866,1.6690366987789327,0.0,29904
++_3286_3288,++,3286,3288,Deletion_forward,1,0,0.0006863417982155113,0.0006906077348066298,0.0,0.0006906077348066298,0.3338073397557865,0.0,29902
++_3403_3405,++,3403,3405,Deletion_forward,1,0,0.0007017543859649122,0.0006770480704129993,0.0,0.0006613756613756613,0.3338073397557865,0.0,29902
++_3450_3450,++,3450,3450,Insertion_forward,9,0,0.0066273932253313695,0.0066273932253313695,0.0,0.0066518847006651885,3.004266057802079,0.0,29904
++_3819_3821,++,3819,3821,Deletion_forward,1,0,0.0014947683109118087,0.0014970059880239522,0.0,0.0014947683109118087,0.3338073397557865,0.0,29902
++_3820_3820,++,3820,3820,Insertion_forward,4,0,0.005952380952380952,0.005952380952380952,0.0,0.005952380952380952,1.335229359023146,0.0,29904
++_3869_3871,++,3869,3871,Deletion_forward,2,0,0.0038461538461538464,0.0038314176245210726,0.0,0.0038314176245210726,0.667614679511573,0.0,29902
++_4108_4108,++,4108,4108,Insertion_forward,10,0,0.006939625260235947,0.006939625260235947,0.0,0.006997900629811057,3.3380733975578654,0.0,29904
++_4221_4223,++,4221,4223,Deletion_forward,1,0,0.0006127450980392157,0.0006071645415907711,0.0,0.0006060606060606061,0.3338073397557865,0.0,29902
++_445_448,++,445,448,Deletion_forward,2,0,0.0035149384885764497,0.0035211267605633804,0.0,0.0034542314335060447,0.667614679511573,0.0,29901
++_446_448,++,446,448,Deletion_forward,4,0,0.007054673721340388,0.007042253521126761,0.0,0.0069084628670120895,1.335229359023146,0.0,29902
++_4691_4691,++,4691,4691,Insertion_forward,9,0,0.008737864077669903,0.008737864077669903,0.0,0.00878048780487805,3.004266057802079,0.0,29904
++_4774_4776,++,4774,4776,Deletion_forward,1,0,0.0007763975155279503,0.0007541478129713424,0.0,0.0007535795026375283,0.3338073397557865,0.0,29902
++_4839_4841,++,4839,4841,Deletion_forward,1,0,0.0006925207756232687,0.0007047216349541931,0.0,0.0007052186177715092,0.3338073397557865,0.0,29902
++_5014_5016,++,5014,5016,Deletion_forward,1,0,0.005405405405405406,0.00546448087431694,0.0,0.005434782608695652,0.3338073397557865,0.0,29902
++_5089_5089,++,5089,5089,Insertion_forward,6,0,0.029556650246305417,0.029556650246305417,0.0,0.030303030303030304,2.0028440385347195,0.0,29904
++_509_516,++,509,516,Deletion_forward,11,0,0.018803418803418803,0.01864406779661017,0.0,0.018612521150592216,3.671880737313652,0.0,29897
++_509_525,++,509,525,Deletion_forward,8,0,0.013675213675213675,0.013289036544850499,0.0,0.013245033112582781,2.670458718046292,0.0,29888
++_5120_5120,++,5120,5120,Insertion_forward,5,0,0.023809523809523808,0.023809523809523808,0.0,0.024390243902439025,1.6690366987789327,0.0,29904
++_515_518,++,515,518,Deletion_forward,1,0,0.0016891891891891893,0.001697792869269949,0.0,0.001692047377326565,0.3338073397557865,0.0,29901
++_515_525,++,515,525,Deletion_forward,10,0,0.016891891891891893,0.016611295681063124,0.0,0.016556291390728478,3.3380733975578654,0.0,29894
++_5191_5191,++,5191,5191,Insertion_forward,4,0,0.024390243902439025,0.024390243902439025,0.0,0.025,1.335229359023146,0.0,29904
++_520_522,++,520,522,Deletion_forward,1,0,0.0017152658662092624,0.001718213058419244,0.0,0.0017094017094017094,0.3338073397557865,0.0,29902
++_5227_5230,++,5227,5230,Deletion_forward,2,0,0.014285714285714285,0.014084507042253521,0.0,0.014084507042253521,0.667614679511573,0.0,29901
++_6090_6090,++,6090,6090,Insertion_forward,1,0,0.0025,0.0025,0.0,0.002506265664160401,0.3338073397557865,0.0,29904
++_6327_27785,++,6327,27785,Deletion_forward,1,1,0.0021413276231263384,0.009523809523809525,0.0021413276231263384,0.009708737864077669,0.3338073397557865,0.3436508781998192,8446
++_6512_6524,++,6512,6524,Deletion_forward,3,0,0.0028653295128939827,0.0028544243577545195,0.0,0.002849002849002849,1.0014220192673597,0.0,29892
++_6708_6710,++,6708,6710,Deletion_forward,1,0,0.0009541984732824427,0.000949667616334283,0.0,0.0009478672985781991,0.3338073397557865,0.0,29902
++_6811_6811,++,6811,6811,Insertion_forward,6,0,0.003955174686882004,0.003955174686882004,0.0,0.003970880211780278,2.0028440385347195,0.0,29904
++_6955_6957,++,6955,6957,Deletion_forward,1,0,0.001594896331738437,0.0016420361247947454,0.0,0.001644736842105263,0.3338073397557865,0.0,29902
++_7438_7442,++,7438,7442,Deletion_forward,4,0,0.0044943820224719105,0.004597701149425287,0.0,0.004581901489117984,1.335229359023146,0.0,29900
++_7699_7701,++,7699,7701,Deletion_forward,1,0,0.0008250825082508251,0.0008257638315441783,0.0,0.0008223684210526315,0.3338073397557865,0.0,29902
++_7802_7804,++,7802,7804,Deletion_forward,1,0,0.000723589001447178,0.0007122507122507123,0.0,0.0007127583749109052,0.3338073397557865,0.0,29902
++_7836_7838,++,7836,7838,Deletion_forward,1,0,0.000691085003455425,0.0006891798759476223,0.0,0.000689655172413793,0.3338073397557865,0.0,29902
++_7863_7865,++,7863,7865,Deletion_forward,1,0,0.0006600660066006601,0.0006523157208088715,0.0,0.0006523157208088715,0.3338073397557865,0.0,29902
++_8380_8382,++,8380,8382,Deletion_forward,7,0,0.00631768953068592,0.00617828773168579,0.0,0.006161971830985915,2.336651378290506,0.0,29902
++_848_850,++,848,850,Deletion_forward,1,0,0.00039603960396039607,0.0003971405877680699,0.0,0.0003966679888932963,0.3338073397557865,0.0,29902
++_8518_8518,++,8518,8518,Insertion_forward,6,0,0.005415162454873646,0.005415162454873646,0.0,0.005429864253393665,2.0028440385347195,0.0,29904
++_8932_8932,++,8932,8932,Insertion_forward,4,0,0.004895960832313341,0.004895960832313341,0.0,0.004914004914004914,1.335229359023146,0.0,29904
++_9008_9010,++,9008,9010,Deletion_forward,7,0,0.004270896888346553,0.004281345565749235,0.0,0.004270896888346553,2.336651378290506,0.0,29902
++_9031_9031,++,9031,9031,Insertion_forward,12,0,0.007434944237918215,0.007434944237918215,0.0,0.007476635514018692,4.005688077069439,0.0,29904
++_9184_9186,++,9184,9186,Deletion_forward,1,0,0.0005896226415094339,0.0005959475566150178,0.0,0.000594883997620464,0.3338073397557865,0.0,29902
++_9746_9748,++,9746,9748,Deletion_forward,1,0,0.0006153846153846154,0.0006157635467980296,0.0,0.0006119951040391676,0.3338073397557865,0.0,29902
++_9766_9766,++,9766,9766,Insertion_forward,6,0,0.0037854889589905363,0.0037854889589905363,0.0,0.0037854889589905363,2.0028440385347195,0.0,29904
+-_12474_12489,+-,12474,12489,5cb/sb,1,1,0.000547645125958379,0.0006587615283267457,0.0005506607929515419,0.000657030223390276,0.3338073397557865,0.3436508781998192,24963
+-_1267_1295,+-,1267,1295,5cb/sb,1,0,0.0006688963210702341,0.0006830601092896175,0.0,0.0006839945280437756,0.3338073397557865,0.0,2562
+-_19342_19601,+-,19342,19601,5cb/sb,1,0,0.0045662100456621,0.0010277492291880781,0.0,0.0010330578512396695,0.3338073397557865,0.0,38943
+-_19471_19448,+-,19471,19448,5cb/sb,1,1,0.004366812227074236,0.004424778761061947,0.004347826086956522,0.004424778761061947,0.3338073397557865,0.3436508781998192,38919
+-_22642_22645,+-,22642,22645,5cb/sb,1,0,0.001001001001001001,0.001001001001001001,0.0,0.001,0.3338073397557865,0.0,45287
+-_24258_24261,+-,24258,24261,5cb/sb,1,0,0.0008340283569641367,0.0008431703204047217,0.0,0.0008389261744966443,0.3338073397557865,0.0,48519
+-_24917_24926,+-,24917,24926,5cb/sb,1,0,0.0005449591280653951,0.0005336179295624333,0.0,0.0005333333333333334,0.3338073397557865,0.0,49843
+-_24973_24934,+-,24973,24934,5cb/sb,1,0,0.0005546311702717693,0.0005555555555555556,0.0,0.0005555555555555556,0.3338073397557865,0.0,49907
+-_26056_26031,+-,26056,26031,5cb/sb,1,0,0.001256281407035176,0.0012437810945273632,0.0,0.0012468827930174563,0.3338073397557865,0.0,52087
+-_26150_26184,+-,26150,26184,5cb/sb,1,0,0.001282051282051282,0.0013280212483399733,0.0,0.0013245033112582781,0.3338073397557865,0.0,52334
+-_26193_26141,+-,26193,26141,5cb/sb,2,0,0.002758620689655172,0.0024968789013732834,0.0,0.0024937655860349127,0.667614679511573,0.0,52334
+-_28197_28364,+-,28197,28364,5cb/sb,1,0,0.00038714672861014324,0.00029877502240812666,0.0,0.0002977963073257892,0.3338073397557865,0.0,56561
+-_7695_7677,+-,7695,7677,5cb/sb,1,0,0.0008183306055646482,0.0007656967840735069,0.0,0.0007674597083653108,0.3338073397557865,0.0,15372
-+_10466_10459,-+,10466,10459,3cb/sb,1,1,0.0038461538461538464,0.004,0.0038461538461538464,0.00398406374501992,0.3338073397557865,0.3436508781998192,38883
-+_11325_11317,-+,11325,11317,3cb/sb,1,0,0.0005213764337851929,0.0005202913631633715,0.0,0.0005202913631633715,0.3338073397557865,0.0,37166
-+_11571_11557,-+,11571,11557,3cb/sb,1,0,0.0005595970900951316,0.0005599104143337066,0.0,0.0005592841163310962,0.3338073397557865,0.0,36680
-+_15674_15694,-+,15674,15694,3cb/sb,1,3,0.00040966816878328555,0.0004100041000410004,0.001226993865030675,0.00040933278755628325,0.3338073397557865,1.0309526345994577,28440
-+_17551_17549,-+,17551,17549,3cb/sb,2,0,0.001229256299938537,0.0012300123001230013,0.0,0.001229256299938537,0.667614679511573,0.0,24708
-+_19549_19566,-+,19549,19566,3cb/sb,1,1,0.005208333333333333,0.00234192037470726,0.005208333333333333,0.002347417840375587,0.3338073397557865,0.3436508781998192,20693
-+_23952_23943,-+,23952,23943,3cb/sb,1,0,0.00072992700729927,0.0007117437722419929,0.0,0.0007097232079489,0.3338073397557865,0.0,11913
-+_26142_26194,-+,26142,26194,3cb/sb,2,1,0.0024875621890547263,0.002751031636863824,0.0012406947890818859,0.0027472527472527475,0.667614679511573,0.3436508781998192,7472
-+_26213_26208,-+,26213,26208,3cb/sb,1,1,0.0011312217194570137,0.0011402508551881414,0.0011325028312570782,0.0011376564277588168,0.3338073397557865,0.3436508781998192,7387
-+_5867_5884,-+,5867,5884,3cb/sb,1,1,0.006896551724137931,0.003134796238244514,0.006944444444444444,0.0031446540880503146,0.3338073397557865,0.3436508781998192,48057
-+_901_868,-+,901,868,3cb/sb,1,1,0.00039984006397441024,0.0003965107057890563,0.0003990422984836393,0.0003961965134706815,0.3338073397557865,0.3436508781998192,58039
--_10060_10060,--,10060,10060,Insertion_reverse,2,0,0.010101010101010102,0.010101010101010102,0.0,0.01015228426395939,0.667614679511573,0.0,29904
--_10170_10168,--,10170,10168,Deletion_reverse,1,0,0.0006134969325153375,0.000612369871402327,0.0,0.0006090133982947625,0.3338073397557865,0.0,29902
--_10223_10221,--,10223,10221,Deletion_reverse,1,0,0.0006082725060827251,0.0006067961165048543,0.0,0.0006060606060606061,0.3338073397557865,0.0,29902
--_1032_1032,--,1032,1032,Insertion_reverse,9,0,0.005685407454200884,0.005685407454200884,0.0,0.005728835136855506,3.004266057802079,0.0,29904
--_10606_10606,--,10606,10606,Insertion_reverse,3,0,0.011320754716981131,0.011320754716981131,0.0,0.011406844106463879,1.0014220192673597,0.0,29904
--_10666_10664,--,10666,10664,Deletion_reverse,1,0,0.003861003861003861,0.0038314176245210726,0.0,0.0038314176245210726,0.3338073397557865,0.0,29902
--_1078_1078,--,1078,1078,Insertion_reverse,4,0,0.0024752475247524753,0.0024752475247524753,0.0,0.0024752475247524753,1.335229359023146,0.0,29904
--_11076_11074,--,11076,11074,Deletion_reverse,23,0,0.01730624529721595,0.01720269259536275,0.0,0.017037037037037038,7.677568814383091,0.0,29902
--_11104_11104,--,11104,11104,Insertion_reverse,6,0,0.004198740377886634,0.004198740377886634,0.0,0.004219409282700422,2.0028440385347195,0.0,29904
--_11121_11119,--,11121,11119,Deletion_reverse,1,0,0.0005555555555555556,0.0005640157924421884,0.0,0.0005614823133071309,0.3338073397557865,0.0,29902
--_11135_11133,--,11135,11133,Deletion_reverse,1,0,0.000646830530401035,0.0006418485237483953,0.0,0.0006414368184733803,0.3338073397557865,0.0,29902
--_11148_11146,--,11148,11146,Deletion_reverse,1,0,0.000643915003219575,0.0006309148264984228,0.0,0.0006305170239596469,0.3338073397557865,0.0,29902
--_11181_11179,--,11181,11179,Deletion_reverse,8,0,0.005221932114882507,0.005221932114882507,0.0,0.005218525766470972,2.670458718046292,0.0,29902
--_1132_1130,--,1132,1130,Deletion_reverse,1,0,0.0005952380952380953,0.000594883997620464,0.0,0.0005941770647653001,0.3338073397557865,0.0,29902
--_11444_11442,--,11444,11442,Deletion_reverse,12,0,0.00718562874251497,0.007067137809187279,0.0,0.007029876977152899,4.005688077069439,0.0,29902
--_1149_1147,--,1149,1147,Deletion_reverse,1,0,0.0005841121495327102,0.0006009615384615385,0.0,0.0005998800239952009,0.3338073397557865,0.0,29902
--_11630_11628,--,11630,11628,Deletion_reverse,2,0,0.000726480203414457,0.0007336757153338225,0.0,0.0007323324789454412,0.667614679511573,0.0,29902
--_11655_11653,--,11655,11653,Deletion_reverse,6,0,0.002244668911335578,0.002253944402704733,0.0,0.002260738507912585,2.0028440385347195,0.0,29902
--_11922_11920,--,11922,11920,Deletion_reverse,1,0,0.0003827018752391887,0.0003856536829926726,0.0,0.00038595137012736397,0.3338073397557865,0.0,29902
--_11964_11962,--,11964,11962,Deletion_reverse,1,0,0.0004640371229698376,0.0004610419548178884,0.0,0.0004601932811780948,0.3338073397557865,0.0,29902
--_12047_12045,--,12047,12045,Deletion_reverse,1,0,0.0004344048653344917,0.0004336513443191674,0.0,0.0004332755632582322,0.3338073397557865,0.0,29902
--_12214_12212,--,12214,12212,Deletion_reverse,1,0,0.00035435861091424523,0.00035650623885918,0.0,0.0003570153516601214,0.3338073397557865,0.0,29902
--_13277_13275,--,13277,13275,Deletion_reverse,1,0,0.0007598784194528875,0.0007547169811320754,0.0,0.0007513148009015778,0.3338073397557865,0.0,29902
--_13668_13668,--,13668,13668,Insertion_reverse,5,0,0.0035014005602240898,0.0035014005602240898,0.0,0.0035236081747709656,1.6690366987789327,0.0,29904
--_13852_13852,--,13852,13852,Insertion_reverse,22,0,0.012195121951219513,0.012195121951219513,0.0,0.012352610892756879,7.343761474627304,0.0,29904
--_1386_1384,--,1386,1384,Deletion_reverse,5,0,0.008278145695364239,0.008305647840531562,0.0,0.008237232289950576,1.6690366987789327,0.0,29902
--_14032_14030,--,14032,14030,Deletion_reverse,5,0,0.002442598925256473,0.0024271844660194173,0.0,0.002421307506053269,1.6690366987789327,0.0,29902
--_14084_14082,--,14084,14082,Deletion_reverse,1,0,0.0004506534474988734,0.00045045045045045046,0.0,0.00045045045045045046,0.3338073397557865,0.0,29902
--_14253_14253,--,14253,14253,Insertion_reverse,5,0,0.0022391401701746527,0.0022391401701746527,0.0,0.0022431583669807087,1.6690366987789327,0.0,29904
--_14518_14516,--,14518,14516,Deletion_reverse,1,0,0.0010695187165775401,0.0010787486515641855,0.0,0.001075268817204301,0.3338073397557865,0.0,29902
--_14626_14626,--,14626,14626,Insertion_reverse,10,0,0.01996007984031936,0.01996007984031936,0.0,0.02028397565922921,3.3380733975578654,0.0,29904
--_14751_14751,--,14751,14751,Insertion_reverse,2,0,0.00392156862745098,0.00392156862745098,0.0,0.0039447731755424065,0.667614679511573,0.0,29904
--_15084_15082,--,15084,15082,Deletion_reverse,1,0,0.0014749262536873156,0.0014705882352941176,0.0,0.0014727540500736377,0.3338073397557865,0.0,29902
--_15285_15285,--,15285,15285,Insertion_reverse,1,0,0.0005797101449275362,0.0005797101449275362,0.0,0.0005797101449275362,0.3338073397557865,0.0,29904
--_15474_15470,--,15474,15470,Deletion_reverse,7,0,0.005200594353640416,0.005090909090909091,0.0,0.005068790731354091,2.336651378290506,0.0,29900
--_15519_15517,--,15519,15517,Deletion_reverse,3,0,0.0011682242990654205,0.001162340178225494,0.0,0.0011614401858304297,1.0014220192673597,0.0,29902
--_15685_15683,--,15685,15683,Deletion_reverse,11,0,0.004539826661163846,0.004551096400496483,0.0,0.004536082474226804,3.671880737313652,0.0,29902
--_15778_15776,--,15778,15776,Deletion_reverse,1,0,0.00043956043956043956,0.00042607584149978694,0.0,0.00042444821731748726,0.3338073397557865,0.0,29902
--_15939_15939,--,15939,15939,Insertion_reverse,3,0,0.001985440105890139,0.001985440105890139,0.0,0.0019880715705765406,1.0014220192673597,0.0,29904
--_15956_15954,--,15956,15954,Deletion_reverse,1,0,0.00065359477124183,0.0006514657980456026,0.0,0.000649772579597141,0.3338073397557865,0.0,29902
--_16002_16000,--,16002,16000,Deletion_reverse,1,0,0.0005980861244019139,0.000576036866359447,0.0,0.0005757052389176742,0.3338073397557865,0.0,29902
--_16039_16037,--,16039,16037,Deletion_reverse,1,0,0.0006435006435006435,0.0006357279084551812,0.0,0.0006353240152477764,0.3338073397557865,0.0,29902
--_16053_16050,--,16053,16050,Deletion_reverse,1,0,0.0006451612903225806,0.0006447453255963894,0.0,0.0006455777921239509,0.3338073397557865,0.0,29901
--_16081_16081,--,16081,16081,Insertion_reverse,1,0,0.00066711140760507,0.00066711140760507,0.0,0.00066711140760507,0.3338073397557865,0.0,29904
--_16086_16086,--,16086,16086,Insertion_reverse,2,0,0.0013029315960912053,0.0013029315960912053,0.0,0.0013029315960912053,0.667614679511573,0.0,29904
--_16318_16318,--,16318,16318,Insertion_reverse,4,0,0.009389671361502348,0.009389671361502348,0.0,0.009478672985781991,1.335229359023146,0.0,29904
--_16337_16308,--,16337,16308,Deletion_reverse,1,0,0.0021929824561403508,0.0021929824561403508,0.0,0.002188183807439825,0.3338073397557865,0.0,29875
--_1638_1636,--,1638,1636,Deletion_reverse,6,0,0.002354788069073783,0.00234375,0.0,0.0023355391202802647,2.0028440385347195,0.0,29902
--_16476_16476,--,16476,16476,Insertion_reverse,2,0,0.0049382716049382715,0.0049382716049382715,0.0,0.005025125628140704,0.667614679511573,0.0,29904
--_16643_16643,--,16643,16643,Insertion_reverse,7,0,0.03211009174311927,0.03211009174311927,0.0,0.03317535545023697,2.336651378290506,0.0,29904
--_1690_1688,--,1690,1688,Deletion_reverse,1,0,0.00032776138970829236,0.000326797385620915,0.0,0.000326797385620915,0.3338073397557865,0.0,29902
--_1702_1702,--,1702,1702,Insertion_reverse,7,0,0.0022749431264218393,0.0022749431264218393,0.0,0.0022756827048114434,2.336651378290506,0.0,29904
--_17221_17222,--,17221,17222,Insertion_reverse,14,0,0.0068560235063663075,0.006809338521400778,0.0,0.006903353057199211,4.673302756581012,0.0,29905
--_1723_1723,--,1723,1723,Insertion_reverse,13,0,0.004259501965923985,0.004259501965923985,0.0,0.004289013526888816,4.339495416825225,0.0,29904
--_1724_1722,--,1724,1722,Deletion_reverse,7,0,0.0022793878215564964,0.0022742040285899934,0.0,0.0022602518566354536,2.336651378290506,0.0,29902
--_17275_17275,--,17275,17275,Insertion_reverse,11,0,0.0056410256410256415,0.0056410256410256415,0.0,0.005673027333677153,3.671880737313652,0.0,29904
--_17324_17322,--,17324,17322,Deletion_reverse,1,0,0.0005339028296849973,0.0005091649694501018,0.0,0.0005091649694501018,0.3338073397557865,0.0,29902
--_1732_1730,--,1732,1730,Deletion_reverse,4,0,0.0012987012987012987,0.0012853470437017994,0.0,0.0012791813239526704,1.335229359023146,0.0,29902
--_17354_17352,--,17354,17352,Deletion_reverse,1,0,0.0005473453749315818,0.0005420054200542005,0.0,0.0005402485143165856,0.3338073397557865,0.0,29902
--_17367_17365,--,17367,17365,Deletion_reverse,1,0,0.0005512679162072767,0.000550357732526142,0.0,0.0005494505494505495,0.3338073397557865,0.0,29902
--_1755_1753,--,1755,1753,Deletion_reverse,13,0,0.003922751961375981,0.003931055337163592,0.0,0.0039085989176187615,4.339495416825225,0.0,29902
--_17619_17617,--,17619,17617,Deletion_reverse,1,0,0.0005820721769499418,0.0005717552887364208,0.0,0.0005694760820045558,0.3338073397557865,0.0,29902
--_17635_17635,--,17635,17635,Insertion_reverse,12,0,0.0072158749248346366,0.0072158749248346366,0.0,0.007263922518159807,4.005688077069439,0.0,29904
--_17673_17671,--,17673,17671,Deletion_reverse,1,0,0.0006060606060606061,0.0006071645415907711,0.0,0.0006071645415907711,0.3338073397557865,0.0,29902
--_1814_1814,--,1814,1814,Insertion_reverse,22,0,0.00695322376738306,0.00695322376738306,0.0,0.006997455470737914,7.343761474627304,0.0,29904
--_18257_18255,--,18257,18255,Deletion_reverse,1,0,0.0010822510822510823,0.0010695187165775401,0.0,0.0010683760683760685,0.3338073397557865,0.0,29902
--_1857_1854,--,1857,1854,Deletion_reverse,1,0,0.00032927230819888045,0.0003281916639317361,0.0,0.000327653997378768,0.3338073397557865,0.0,29901
--_1864_1862,--,1864,1862,Deletion_reverse,6,0,0.0019455252918287938,0.0019392372333548805,0.0,0.0019305019305019305,2.0028440385347195,0.0,29902
--_18681_18679,--,18681,18679,Deletion_reverse,16,0,0.008221993833504625,0.008247422680412371,0.0,0.008142493638676845,5.340917436092584,0.0,29902
--_18688_18688,--,18688,18688,Insertion_reverse,7,0,0.0033653846153846156,0.0033653846153846156,0.0,0.003363767419509851,2.336651378290506,0.0,29904
--_18784_18782,--,18784,18782,Deletion_reverse,1,0,0.00042319085907744394,0.0004178854993731718,0.0,0.00041736227045075126,0.3338073397557865,0.0,29902
--_1879_1877,--,1879,1877,Deletion_reverse,1,0,0.00035323207347227127,0.00034782608695652176,0.0,0.0003455425017277125,0.3338073397557865,0.0,29902
--_18822_18818,--,18822,18818,Deletion_reverse,8,0,0.003284072249589491,0.003228410008071025,0.0,0.003229713362939039,2.670458718046292,0.0,29900
--_19045_19045,--,19045,19045,Insertion_reverse,11,0,0.005623721881390593,0.005623721881390593,0.0,0.00565843621399177,3.671880737313652,0.0,29904
--_1933_1931,--,1933,1931,Deletion_reverse,1,0,0.000574052812858783,0.0005701254275940707,0.0,0.0005730659025787965,0.3338073397557865,0.0,29902
--_19612_19610,--,19612,19610,Deletion_reverse,1,0,0.0009578544061302681,0.0009643201542912247,0.0,0.0009652509652509653,0.3338073397557865,0.0,29902
--_19635_19633,--,19635,19633,Deletion_reverse,1,0,0.0008873114463176575,0.0008880994671403197,0.0,0.0008880994671403197,0.3338073397557865,0.0,29902
--_19751_19751,--,19751,19751,Insertion_reverse,1,0,0.0007993605115907274,0.0007993605115907274,0.0,0.0008,0.3338073397557865,0.0,29904
--_19984_19984,--,19984,19984,Insertion_reverse,23,0,0.02505446623093682,0.02505446623093682,0.0,0.02569832402234637,7.677568814383091,0.0,29904
--_20020_20020,--,20020,20020,Insertion_reverse,3,0,0.0033370411568409346,0.0033370411568409346,0.0,0.0033444816053511705,1.0014220192673597,0.0,29904
--_20066_20064,--,20066,20064,Deletion_reverse,1,0,0.0011248593925759281,0.0011185682326621924,0.0,0.0011160714285714285,0.3338073397557865,0.0,29902
--_20171_20169,--,20171,20169,Deletion_reverse,1,0,0.00130718954248366,0.0013550135501355014,0.0,0.0013477088948787063,0.3338073397557865,0.0,29902
--_20408_20405,--,20408,20405,Deletion_reverse,2,0,0.009174311926605505,0.009009009009009009,0.0,0.009009009009009009,0.667614679511573,0.0,29901
--_20536_20534,--,20536,20534,Deletion_reverse,1,0,0.0006333122229259025,0.0006402048655569782,0.0,0.0006369426751592356,0.3338073397557865,0.0,29902
--_20680_20678,--,20680,20678,Deletion_reverse,1,0,0.000576036866359447,0.0005896226415094339,0.0,0.000588235294117647,0.3338073397557865,0.0,29902
--_20685_20683,--,20685,20683,Deletion_reverse,1,0,0.0005602240896358543,0.0005633802816901409,0.0,0.0005630630630630631,0.3338073397557865,0.0,29902
--_20723_20721,--,20723,20721,Deletion_reverse,1,0,0.0005813953488372093,0.0005770340450086555,0.0,0.0005767012687427913,0.3338073397557865,0.0,29902
--_20732_20729,--,20732,20729,Deletion_reverse,1,0,0.0005790387955993051,0.0005750431282346176,0.0,0.0005743825387708214,0.3338073397557865,0.0,29901
--_21271_21271,--,21271,21271,Insertion_reverse,1,0,0.005494505494505495,0.005494505494505495,0.0,0.0055248618784530384,0.3338073397557865,0.0,29904
--_21336_21336,--,21336,21336,Insertion_reverse,8,0,0.045714285714285714,0.045714285714285714,0.0,0.04790419161676647,2.670458718046292,0.0,29904
--_21991_21989,--,21991,21989,Deletion_reverse,3,0,0.0031282586027111575,0.0030991735537190084,0.0,0.003105590062111801,1.0014220192673597,0.0,29902
--_21994_21991,--,21994,21991,Deletion_reverse,6,0,0.006329113924050633,0.006256517205422315,0.0,0.006276150627615063,2.0028440385347195,0.0,29901
--_22121_22121,--,22121,22121,Insertion_reverse,7,0,0.01912568306010929,0.01912568306010929,0.0,0.019444444444444445,2.336651378290506,0.0,29904
--_22219_22219,--,22219,22219,Insertion_reverse,2,0,0.006134969325153374,0.006134969325153374,0.0,0.006153846153846154,0.667614679511573,0.0,29904
--_22584_22584,--,22584,22584,Insertion_reverse,4,0,0.004645760743321719,0.004645760743321719,0.0,0.004662004662004662,1.335229359023146,0.0,29904
--_22670_22670,--,22670,22670,Insertion_reverse,11,0,0.009812667261373774,0.009812667261373774,0.0,0.009892086330935251,3.671880737313652,0.0,29904
--_22816_22814,--,22816,22814,Deletion_reverse,1,0,0.0011198208286674132,0.001088139281828074,0.0,0.0010869565217391304,0.3338073397557865,0.0,29902
--_22861_22859,--,22861,22859,Deletion_reverse,1,0,0.001145475372279496,0.001142857142857143,0.0,0.001145475372279496,0.3338073397557865,0.0,29902
--_23231_23231,--,23231,23231,Insertion_reverse,1,0,0.000499001996007984,0.000499001996007984,0.0,0.0004985044865403788,0.3338073397557865,0.0,29904
--_23547_23544,--,23547,23544,Deletion_reverse,1,0,0.0008210180623973727,0.0008403361344537816,0.0,0.0008382229673093043,0.3338073397557865,0.0,29901
--_23736_23736,--,23736,23736,Insertion_reverse,8,0,0.006046863189720333,0.006046863189720333,0.0,0.006083650190114068,2.670458718046292,0.0,29904
--_23979_23977,--,23979,23977,Deletion_reverse,1,0,0.0006548788474132286,0.0006640106241699867,0.0,0.0006635700066357001,0.3338073397557865,0.0,29902
--_24026_24013,--,24026,24013,Deletion_reverse,11,0,0.007488087134104833,0.0075445816186556925,0.0,0.0075497597803706245,3.671880737313652,0.0,29891
--_24136_24134,--,24136,24134,Deletion_reverse,1,0,0.0005482456140350877,0.0005491488193300384,0.0,0.0005515719801434088,0.3338073397557865,0.0,29902
--_24451_24449,--,24451,24449,Deletion_reverse,1,0,0.0007593014426727411,0.0007575757575757576,0.0,0.0007633587786259542,0.3338073397557865,0.0,29902
--_24485_24483,--,24485,24483,Deletion_reverse,1,0,0.0009606147934678194,0.0009615384615384616,0.0,0.0009587727708533077,0.3338073397557865,0.0,29902
--_24504_24504,--,24504,24504,Insertion_reverse,2,0,0.00176522506619594,0.00176522506619594,0.0,0.00176522506619594,0.667614679511573,0.0,29904
--_24532_24530,--,24532,24530,Deletion_reverse,1,0,0.0008896797153024911,0.0008904719501335708,0.0,0.0008904719501335708,0.3338073397557865,0.0,29902
--_24674_24672,--,24674,24672,Deletion_reverse,1,0,0.0008045052292839903,0.0008038585209003215,0.0,0.0008032128514056225,0.3338073397557865,0.0,29902
--_2474_2472,--,2474,2472,Deletion_reverse,1,0,0.0009652509652509653,0.000966183574879227,0.0,0.0009643201542912247,0.3338073397557865,0.0,29902
--_25010_25008,--,25010,25008,Deletion_reverse,1,0,0.0004878048780487805,0.0004906771344455348,0.0,0.0004894762604013706,0.3338073397557865,0.0,29902
--_25359_25357,--,25359,25357,Deletion_reverse,1,0,0.00035001750087504374,0.0003495281370150297,0.0,0.00034965034965034965,0.3338073397557865,0.0,29902
--_25419_25419,--,25419,25419,Insertion_reverse,13,0,0.004982752012265236,0.004982752012265236,0.0,0.004998077662437524,4.339495416825225,0.0,29904
--_25436_25431,--,25436,25431,Deletion_reverse,9,0,0.0035169988276670576,0.003497862417411582,0.0,0.0034937888198757765,3.004266057802079,0.0,29899
--_25588_25588,--,25588,25588,Insertion_reverse,7,0,0.0029118136439267887,0.0029118136439267887,0.0,0.0029142381348875937,2.336651378290506,0.0,29904
--_25589_25587,--,25589,25587,Deletion_reverse,1,0,0.0004170141784820684,0.0004177109440267335,0.0,0.00041597337770382697,0.3338073397557865,0.0,29902
--_25964_25964,--,25964,25964,Insertion_reverse,2,0,0.003395585738539898,0.003395585738539898,0.0,0.0034071550255536627,0.667614679511573,0.0,29904
--_26258_26258,--,26258,26258,Insertion_reverse,1,0,0.0007507507507507507,0.0007507507507507507,0.0,0.0007518796992481203,0.3338073397557865,0.0,29904
--_26333_26331,--,26333,26331,Deletion_reverse,1,0,0.0009727626459143969,0.001001001001001001,0.0,0.0009910802775024777,0.3338073397557865,0.0,29902
--_26410_26408,--,26410,26408,Deletion_reverse,1,0,0.0010193679918450561,0.0010235414534288639,0.0,0.0010214504596527069,0.3338073397557865,0.0,29902
--_26443_26441,--,26443,26441,Deletion_reverse,9,0,0.009297520661157025,0.009249743062692703,0.0,0.009240246406570842,3.004266057802079,0.0,29902
--_26629_26629,--,26629,26629,Insertion_reverse,3,0,0.0017035775127768314,0.0017035775127768314,0.0,0.0016958733747880158,1.0014220192673597,0.0,29904
--_26732_26730,--,26732,26730,Deletion_reverse,1,0,0.0005344735435595938,0.0005359056806002144,0.0,0.0005353319057815846,0.3338073397557865,0.0,29902
--_27097_27095,--,27097,27095,Deletion_reverse,2,0,0.006097560975609756,0.006172839506172839,0.0,0.006172839506172839,0.667614679511573,0.0,29902
--_27250_27248,--,27250,27248,Deletion_reverse,1,0,0.00037965072133637056,0.00037965072133637056,0.0,0.0003792188092529389,0.3338073397557865,0.0,29902
--_27269_27267,--,27269,27267,Deletion_reverse,11,0,0.003913198150124511,0.00392156862745098,0.0,0.0039104159260575895,3.671880737313652,0.0,29902
--_27282_27280,--,27282,27280,Deletion_reverse,1,0,0.00038138825324180017,0.00038211692777990065,0.0,0.00038182512409316535,0.3338073397557865,0.0,29902
--_27310_27308,--,27310,27308,Deletion_reverse,1,0,0.00036900369003690036,0.0003714710252600297,0.0,0.0003713330857779428,0.3338073397557865,0.0,29902
--_27319_27317,--,27319,27317,Deletion_reverse,1,0,0.00037835792659856227,0.0003757985719654265,0.0,0.0003755163349605708,0.3338073397557865,0.0,29902
--_27482_27482,--,27482,27482,Insertion_reverse,7,0,0.0039018952062430325,0.0039018952062430325,0.0,0.003919372900335946,2.336651378290506,0.0,29904
--_27773_27773,--,27773,27773,Insertion_reverse,3,0,0.029411764705882353,0.029411764705882353,0.0,0.030612244897959183,1.0014220192673597,0.0,29904
--_27860_27858,--,27860,27858,Deletion_reverse,1,0,0.0005851375073142189,0.0005885815185403178,0.0,0.0005868544600938967,0.3338073397557865,0.0,29902
--_28062_28060,--,28062,28060,Deletion_reverse,12,0,0.006550218340611353,0.0065609622744669215,0.0,0.006535947712418301,4.005688077069439,0.0,29902
--_28215_28215,--,28215,28215,Insertion_reverse,19,0,0.007142857142857143,0.007142857142857143,0.0,0.0071860816944024205,6.342339455359944,0.0,29904
--_28216_28214,--,28216,28214,Deletion_reverse,1,0,0.00037650602409638556,0.0003780718336483932,0.0,0.0003769317753486619,0.3338073397557865,0.0,29902
--_28271_28271,--,28271,28271,Insertion_reverse,1,0,0.000299311583358276,0.000299311583358276,0.0,0.0002983293556085919,0.3338073397557865,0.0,29904
--_28272_28270,--,28272,28270,Deletion_reverse,1,0,0.0002994011976047904,0.00029886431560071725,0.0,0.00029761904761904765,0.3338073397557865,0.0,29902
--_28355_28353,--,28355,28353,Deletion_reverse,1,0,0.0002852253280091272,0.0002909514111143439,0.0,0.0002906131938390003,0.3338073397557865,0.0,29902
--_28521_28521,--,28521,28521,Insertion_reverse,6,0,0.002088409328228333,0.002088409328228333,0.0,0.002081887578070784,2.0028440385347195,0.0,29904
--_28558_28556,--,28558,28556,Deletion_reverse,22,0,0.0073751257123700975,0.007333333333333333,0.0,0.0073284477015323115,7.343761474627304,0.0,29902
--_28565_28547,--,28565,28547,Deletion_reverse,13,0,0.004368279569892473,0.004381530165149983,0.0,0.004378578646008757,4.339495416825225,0.0,29886
--_28569_28567,--,28569,28567,Deletion_reverse,1,0,0.0003322259136212625,0.000333889816360601,0.0,0.0003313452617627568,0.3338073397557865,0.0,29902
--_28577_28577,--,28577,28577,Insertion_reverse,11,0,0.003671562082777036,0.003671562082777036,0.0,0.003683858004018754,3.671880737313652,0.0,29904
--_28578_28576,--,28578,28576,Deletion_reverse,1,0,0.00033500837520938025,0.00033467202141900936,0.0,0.00033444816053511704,0.3338073397557865,0.0,29902
--_28904_28898,--,28904,28898,Deletion_reverse,1,0,0.006535947712418301,0.006493506493506494,0.0,0.0064516129032258064,0.3338073397557865,0.0,29898
--_29052_29050,--,29052,29050,Deletion_reverse,1,0,0.0005608524957936063,0.0005599104143337066,0.0,0.0005586592178770949,0.3338073397557865,0.0,29902
--_29119_29117,--,29119,29117,Deletion_reverse,1,0,0.0004278990158322636,0.000429000429000429,0.0,0.0004280821917808219,0.3338073397557865,0.0,29902
--_29298_29296,--,29298,29296,Deletion_reverse,5,0,0.00249003984063745,0.0024987506246876563,0.0,0.00249003984063745,1.6690366987789327,0.0,29902
--_29388_29386,--,29388,29386,Deletion_reverse,1,0,0.0019267822736030828,0.001953125,0.0,0.001953125,0.3338073397557865,0.0,29902
--_29582_29580,--,29582,29580,Deletion_reverse,1,0,0.001095290251916758,0.0010893246187363835,0.0,0.001088139281828074,0.3338073397557865,0.0,29902
--_29770_29770,--,29770,29770,Insertion_reverse,2,0,0.0058309037900874635,0.0058309037900874635,0.0,0.005847953216374269,0.667614679511573,0.0,29904
--_324_324,--,324,324,Insertion_reverse,10,0,0.00946073793755913,0.00946073793755913,0.0,0.009560229445506692,3.3380733975578654,0.0,29904
--_3414_3412,--,3414,3412,Deletion_reverse,1,0,0.0006997900629811056,0.0006978367062107466,0.0,0.0006968641114982578,0.3338073397557865,0.0,29902
--_3449_3449,--,3449,3449,Insertion_reverse,13,0,0.009863429438543247,0.009863429438543247,0.0,0.009923664122137405,4.339495416825225,0.0,29904
--_3724_3722,--,3724,3722,Deletion_reverse,1,0,0.00228310502283105,0.0022988505747126436,0.0,0.0022935779816513763,0.3338073397557865,0.0,29902
--_3868_3866,--,3868,3866,Deletion_reverse,6,0,0.011516314779270634,0.011695906432748537,0.0,0.011650485436893204,2.0028440385347195,0.0,29902
--_4106_4106,--,4106,4106,Insertion_reverse,4,0,0.002803083391730904,0.002803083391730904,0.0,0.0028169014084507044,1.335229359023146,0.0,29904
--_4219_4217,--,4219,4217,Deletion_reverse,1,0,0.0005980861244019139,0.0005995203836930455,0.0,0.0005988023952095808,0.3338073397557865,0.0,29902
--_445_443,--,445,443,Deletion_reverse,3,0,0.005272407732864675,0.005253940455341506,0.0,0.005235602094240838,1.0014220192673597,0.0,29902
--_446_443,--,446,443,Deletion_reverse,3,0,0.005291005291005291,0.005253940455341506,0.0,0.005235602094240838,1.0014220192673597,0.0,29901
--_4689_4689,--,4689,4689,Insertion_reverse,4,0,0.003913894324853229,0.003913894324853229,0.0,0.003913894324853229,1.335229359023146,0.0,29904
--_5086_5086,--,5086,5086,Insertion_reverse,1,0,0.005050505050505051,0.005050505050505051,0.0,0.005050505050505051,0.3338073397557865,0.0,29904
--_5117_5117,--,5117,5117,Insertion_reverse,5,0,0.023696682464454975,0.023696682464454975,0.0,0.024154589371980676,1.6690366987789327,0.0,29904
--_5188_5188,--,5188,5188,Insertion_reverse,2,0,0.012195121951219513,0.012195121951219513,0.0,0.012345679012345678,0.667614679511573,0.0,29904
--_518_515,--,518,515,Deletion_reverse,1,0,0.001697792869269949,0.0016891891891891893,0.0,0.0016806722689075631,0.3338073397557865,0.0,29901
--_5227_5224,--,5227,5224,Deletion_reverse,1,0,0.007142857142857143,0.007142857142857143,0.0,0.007142857142857143,0.3338073397557865,0.0,29901
--_523_507,--,523,507,Deletion_reverse,3,0,0.005253940455341506,0.005119453924914676,0.0,0.005154639175257732,1.0014220192673597,0.0,29888
--_523_513,--,523,513,Deletion_reverse,14,0,0.024518388791593695,0.024691358024691357,0.0,0.024054982817869417,4.673302756581012,0.0,29894
--_524_509,--,524,509,Deletion_reverse,6,0,0.010380622837370242,0.010256410256410256,0.0,0.010507880910683012,2.0028440385347195,0.0,29889
--_6524_6512,--,6524,6512,Deletion_reverse,2,0,0.0019029495718363464,0.0019102196752626551,0.0,0.0019193857965451055,0.667614679511573,0.0,29892
--_6808_6808,--,6808,6808,Insertion_reverse,4,0,0.002609262883235486,0.002609262883235486,0.0,0.002616088947024199,1.335229359023146,0.0,29904
--_6909_6907,--,6909,6907,Deletion_reverse,1,0,0.001557632398753894,0.001557632398753894,0.0,0.0015552099533437014,0.3338073397557865,0.0,29902
--_7274_7274,--,7274,7274,Insertion_reverse,4,0,0.014035087719298246,0.014035087719298246,0.0,0.014234875444839857,1.335229359023146,0.0,29904
--_7438_7434,--,7438,7434,Deletion_reverse,7,0,0.007865168539325843,0.007972665148063782,0.0,0.007963594994311717,2.336651378290506,0.0,29900
--_7590_7588,--,7590,7588,Deletion_reverse,1,0,0.0011890606420927466,0.001177856301531213,0.0,0.0011737089201877935,0.3338073397557865,0.0,29902
--_7795_7793,--,7795,7793,Deletion_reverse,1,0,0.0007112375533428165,0.0007067137809187279,0.0,0.0007067137809187279,0.3338073397557865,0.0,29902
--_8370_8368,--,8370,8368,Deletion_reverse,1,0,0.0009157509157509158,0.0009074410163339383,0.0,0.0009049773755656109,0.3338073397557865,0.0,29902
--_8378_8376,--,8378,8376,Deletion_reverse,6,0,0.005366726296958855,0.0053811659192825115,0.0,0.005361930294906166,2.0028440385347195,0.0,29902
--_8412_8410,--,8412,8410,Deletion_reverse,1,0,0.000847457627118644,0.000847457627118644,0.0,0.000846740050804403,0.3338073397557865,0.0,29902
--_8517_8517,--,8517,8517,Insertion_reverse,12,0,0.010771992818671455,0.010771992818671455,0.0,0.01085972850678733,4.005688077069439,0.0,29904
--_8534_8532,--,8534,8532,Deletion_reverse,4,0,0.003805899143672693,0.0038131553860819827,0.0,0.003787878787878788,1.335229359023146,0.0,29902
--_8545_8543,--,8545,8543,Deletion_reverse,1,0,0.0008503401360544217,0.0008183306055646482,0.0,0.0008149959250203749,0.3338073397557865,0.0,29902
--_8740_8738,--,8740,8738,Deletion_reverse,1,0,0.00980392156862745,0.009615384615384616,0.0,0.009523809523809525,0.3338073397557865,0.0,29902
--_8928_8928,--,8928,8928,Insertion_reverse,1,0,0.001282051282051282,0.001282051282051282,0.0,0.001282051282051282,0.3338073397557865,0.0,29904
--_9007_9005,--,9007,9005,Deletion_reverse,10,0,0.006060606060606061,0.006013229104028864,0.0,0.005991611743559017,3.3380733975578654,0.0,29902
--_9027_9027,--,9027,9027,Insertion_reverse,11,0,0.006695069993913573,0.006695069993913573,0.0,0.006736068585425597,3.671880737313652,0.0,29904
--_9125_9123,--,9125,9123,Deletion_reverse,1,0,0.0005577244841048522,0.0005402485143165856,0.0,0.0005399568034557236,0.3338073397557865,0.0,29902
--_9194_9192,--,9194,9192,Deletion_reverse,1,0,0.0006548788474132286,0.0006540222367560497,0.0,0.0006531678641410843,0.3338073397557865,0.0,29902
--_9764_9764,--,9764,9764,Insertion_reverse,8,0,0.004898958971218616,0.004898958971218616,0.0,0.0049079754601227,2.670458718046292,0.0,29904
